date,cumulative_Evaporation,average_soilTemperatureLevel,cumulative_Sub-surfaceRunoff,average_TemperatureOfSnowLayer,average_SnowDepth,average_VolumetricSoilWaterLayer,cumulative_precipitation,OT
2015/3/30,-0.0171410946641117,280.0903557671441,0.0095864534378051,272.9588741726346,1.3301769892374674e-05,0.3795581952694596,0.0504541397094726,5.277745453757331
2015/4/11,-0.024257663404569,280.117182413737,0.0088794231414794,272.72474887635974,0.0001359085241953,0.3382142829424184,0.0081677436828613,1.6489203696850554
2015/4/23,-0.0260451177600771,283.67762671576605,0.0079643726348876,273.12913004557294,1.25832027859158e-07,0.2959601687551993,0.0225386619567871,-6.672694803938148
2015/5/5,-0.0214372095651924,285.2015414767795,0.0068024098873138,273.1507000393338,0.0,0.3343990965901564,0.0431699752807617,-15.00080254415619
2015/5/17,-0.0325728352181613,288.7537104288737,0.0057830810546875,273.142578125,0.0,0.3122834708725956,0.0395722389221191,-14.918614411828372
2015/5/29,-0.034324845066294,286.44986809624567,0.0049604177474975,273.13997565375433,0.000153405798806,0.3780056034447625,0.0786409378051757,-19.865867516946768
2015/6/10,-0.0398673436138778,291.2106391059027,0.0043834447860717,273.127446492513,0.0,0.3168552095173961,0.0187201499938964,-10.19558277237794
2015/6/22,-0.0400084103457629,290.2623129950629,0.0038639307022094,273.1414676242405,0.0,0.3611269493121654,0.1031074523925781,-10.372845299220502
2015/7/4,-0.0427617027889937,291.9360699123807,0.0035383701324462,273.11439259847003,0.0,0.3404824648104194,0.0261588096618652,-4.144562366847372
2015/7/16,-0.0444619304034858,294.74252743191187,0.0032117366790771,273.1050092909071,0.0,0.3050061121272544,0.0324087142944335,5.26156562004932
2015/7/28,-0.0454854106064885,295.5535922580296,0.0028553009033203,273.0779995388455,0.0,0.3062590257419894,0.030644416809082,1.427112421034697
2015/8/9,-0.0427399543114006,293.9970253838433,0.0026047229766845,273.07224019368493,0.0,0.3326106033960564,0.0394325256347656,20.14148710133984
2015/8/21,-0.0397131701465696,292.60589684380426,0.0023213624954223,272.9916619194878,0.0,0.3278082576450995,0.073521614074707,16.12837188300123
2015/9/2,-0.0348809163551777,291.6030714246962,0.0021600723266601,273.1125395033094,0.0,0.3399916429124358,0.0247602462768554,11.264536547126005
2015/9/14,-0.0258941145148128,288.332282172309,0.0020268559455871,273.1184717814128,0.0,0.330699919270248,0.0834822654724121,23.924140603904984
2015/9/26,-0.0240014321170747,288.27710215250653,0.0019218921661376,273.1339586046008,0.0,0.3687950119557273,0.0377430915832519,13.504923795409209
2015/10/8,-0.0170829247217625,285.4111336602105,0.0018722414970397,273.12852647569446,0.0,0.3806667486076347,0.0504631996154785,8.00134488737905
2015/10/20,-0.0147028532810509,284.0663121541341,0.0025585293769836,273.1240437295702,7.377730475531683e-06,0.4003606487660565,0.0927796363830566,-3.842632460542726
2015/11/1,-0.0123368289787322,281.3743438720704,0.0031005144119262,273.1360342237684,0.0,0.3728900720856876,0.0380926132202148,-15.96181831080967
2015/11/25,-0.0151277270633727,279.28247960408527,0.0090106129646301,272.3699771828122,3.813703854878744e-05,0.35049559025275,0.0200705528259277,-8.044754839292862
2015/12/7,-0.0040040884632617,274.611078898112,0.0048134922981262,271.48985603120593,0.0004254579544067,0.3543369743791926,5.3882598876953125e-05,-5.11970134200714
2015/12/19,-0.0029599561821669,274.187745836046,0.0047903060913085,272.61232037014435,0.0001020034154256,0.3403989313859104,0.0002479553222656,-5.749527971056615
2016/1/12,-0.0046880890149623,274.3089336819119,0.0093949437141418,271.3724930551317,0.0010755492581261,0.3452633497007708,0.0474019050598144,-9.1287279920779
2016/1/24,-0.0047694793902337,273.80721457799274,0.0046528577804565,269.9608902931213,0.0009823673301272,0.3616752997170099,0.0009126663208007,-6.419572338165636
2016/2/5,-0.0046681778039783,275.71175045437286,0.0045718848705291,272.2232200304668,0.0003509091006384,0.3392466417636671,0.0060920715332031,-7.631869346176838
2016/2/17,-0.006284286500886,276.2384431627061,0.0052936077117919,271.81106493208136,0.0032609833611382,0.3961326319064635,0.1191611289978027,-2.122075136330242
2016/2/29,-0.0087478870991617,277.2535883585612,0.0090439617633819,272.09889396031696,0.0027377804120381,0.3915652846270758,0.111304759979248,4.9899854952649605
2016/3/12,-0.0111779223661869,276.9510820176866,0.0204395055770874,271.3799565633139,0.0047731035285525,0.3977140720364534,0.0932207107543945,3.496095220049241
2016/3/24,-0.0176669298671185,278.81036885579425,0.0246005654335021,272.04107141494745,0.0004886024528079,0.3532569016355815,0.0141758918762207,5.1869929518606455
2016/4/5,-0.0188141271937638,282.704465230306,0.0198667049407959,272.97104136149085,0.0004758636156717,0.3238890094993016,0.0040650367736816,0.904735142859824
2016/4/17,-0.023550882237032,283.8641179402669,0.0147421956062316,273.12978363037104,7.861190372043186e-06,0.3299446622323658,0.0365967750549316,1.8341525582124696
2016/4/29,-0.0274931520689278,282.778453403049,0.0108516812324523,272.8959950341119,0.0002288884586758,0.3530723210941586,0.0326189994812011,2.8909999634964656
2016/5/11,-0.0293227238580584,284.2844161987304,0.0083310008049011,273.1476977666219,0.0,0.3469059190505908,0.0563001632690429,2.9958092182979
2016/5/23,-0.031794014852494,284.8902494642469,0.0071251988410949,273.1475541856554,0.0,0.3999729382598565,0.1426272392272949,3.778827725385472
2016/6/4,-0.0383630513679236,287.9114261203342,0.0067282915115356,273.14679378933374,0.0,0.3928626965886603,0.0815420150756836,3.1140610865784346
2016/6/28,-0.0853284415788948,290.3417570326063,0.0179238319396972,273.14675013224286,0.0,0.3869930765682107,0.148564338684082,3.0244931847384784
2016/7/22,-0.0944854242261499,292.7525405883789,0.0190352201461792,273.128487057156,0.0,0.3449748957710754,0.0795040130615234,4.622392733119522
2016/8/3,-0.0417078034952282,292.7877163357205,0.0080039501190185,273.0232789781359,0.0,0.3496282573711748,0.0350971221923828,8.575259194977153
2016/8/15,-0.0417849037330597,291.2485131157769,0.0069969892501831,273.09847768147785,0.0,0.350501748552132,0.0494365692138671,3.764906063419655
2016/8/27,-0.0383495604619383,291.9440163506402,0.0060453414916992,273.10914527045355,0.0,0.3560083764742658,0.0727043151855468,0.1248472363788142
2016/9/8,-0.0331613521557301,291.6574410332574,0.0053275227546691,273.08479563395184,0.0,0.3230497427874879,0.0242166519165039,-4.447820561124578
2016/9/20,-0.0287596257403492,289.8646952311198,0.0047184228897094,273.06808132595484,0.0,0.3389906756476395,0.0669350624084472,-7.002804273887505
2016/9/26,-0.0104795261286199,286.7776862250434,0.0022144317626953,273.11036003960504,0.0,0.367032868658296,0.005861759185791,-11.17801894254297
2016/10/2,-0.0099145465064793,287.1827918158637,0.0021337270736694,273.12632242838544,0.0,0.3308162344425606,0.0059008598327636,-11.551523367193305
2016/10/14,-0.016922412905842,282.0969026353624,0.0041257143020629,273.0497530831231,0.0,0.3534340103182735,0.078528881072998,-0.1872136066543852
2016/10/26,-0.011018797988072,283.38192579481336,0.0040390491485595,273.0937318272061,0.0,0.3888994319818772,0.047769546508789,2.166950918125534
2016/11/7,-0.0086767587345093,281.3171869913737,0.0041635036468505,273.0638059510125,1.963641908433702e-06,0.3727527399831969,0.0406513214111328,3.762225681966077
2016/11/19,-0.0062175821512937,277.02900950113934,0.004487931728363,272.0851790640089,0.0002540383074018,0.379033061921493,0.0189671516418457,4.901663860573495
2016/12/1,-0.0046615281607955,279.2477705213759,0.0050776004791259,272.44800466961334,9.649329715304904e-06,0.3925182791426778,0.0282778739929199,0.5007297463040983
2016/12/13,-0.0028504519723355,272.96937052408856,0.0060961246490478,272.84702746073407,0.0,0.3597729885691985,0.0006642341613769,0.6712474077977975
2016/12/25,-0.0025569370482116,273.01540883382165,0.0065689384937286,271.8028193049961,0.0005615254243214,0.3442329307241986,0.0005736351013183,3.379060850078255
2017/1/6,-0.0037109544500708,273.67561758889093,0.0066081881523132,269.0210528373718,0.0008573797014024,0.33174898456006,0.0009331703186035,2.001886587050937
2017/1/18,-0.0036001580301672,272.02574337853326,0.0065130591392517,265.5468391312493,0.0024297104941474,0.3233519712618242,0.008157730102539,0.6980657517939806
2017/1/30,-0.0037920721806585,271.941502571106,0.0062861442565917,264.34284602271185,0.00461655192905,0.3229052543950578,0.0011014938354492,-2.1071847385587708
2017/2/11,-0.0037389765493571,275.1820568508572,0.0060278177261352,272.3116638395522,0.0061487820413377,0.3846195982639781,0.0630106925964355,-8.11083222489905
2017/2/23,-0.0076155730057507,276.49885304768884,0.0059472918510437,270.9840321540833,0.0037836266888512,0.3822503342137983,0.0031518936157226,-11.076353677168091
2017/3/7,-0.0100465822033584,277.94279140896265,0.0058991909027099,271.7167507807414,0.0015251007344987,0.394227476299016,0.0580668449401855,-13.337660469423682
2017/3/13,-0.0088251235429197,278.7746921115452,0.0030677914619445,272.985397444831,4.3710072835286456e-06,0.3599375925906416,5.245208740234375e-06,-17.648524115734183
2017/3/19,-0.0080159239005297,280.77513800727,0.0030721426010131,273.13843621148004,0.0,0.3239849801433997,1.430511474609375e-06,-8.033592477806875
2017/3/25,-0.0085897718090564,282.93129306369354,0.0030335783958435,273.1015133327908,0.0,0.3457247798279341,0.0175147056579589,-5.978523862944569
2017/3/31,-0.0126244444400072,282.34926181369354,0.0030014216899871,273.10523308648004,1.5172693464491102e-05,0.3652366320861296,0.0143957138061523,2.097965091646138
2017/4/6,-0.0123795615509152,283.11636013454864,0.0029389858245849,273.1334381103516,0.0,0.3555402826103899,0.0260682106018066,17.300509874047474
2017/4/12,-0.0122575277928262,283.8453030056424,0.0028769969940185,273.0962202284072,0.0,0.3607769005983653,0.0110111236572265,25.478729847231843
2017/4/18,-0.0132467451039701,283.73530917697485,0.0028078556060791,273.00181484222406,9.551313188340928e-05,0.3824103474875706,0.0407042503356933,20.603912793529943
2017/4/24,-0.0135144924279302,279.96627129448785,0.0027503371238708,272.7762582567003,4.44385740492079e-06,0.3527571202721447,0.0016279220581054,14.868315564321112
2017/4/30,-0.0110459763091057,282.15324740939667,0.0027316808700561,272.96702183617487,4.32398584153917e-05,0.3963323615801831,0.066138744354248,10.093290200969347
2017/5/6,-0.015163444681093,282.48230319552954,0.0028910040855407,273.1325701607598,0.0,0.3987437003395624,0.0433259010314941,2.5976414720369
2017/5/12,-0.0142043037340044,284.5793100992839,0.0033369660377502,273.1468916998969,0.0,0.3986576969166183,0.0303421020507812,-3.5585913209737523
2017/5/18,-0.01831577392295,287.86130947536896,0.0037994384765625,273.15024990505646,0.0,0.3715762856105963,0.0085244178771972,-16.54667158964615
2017/5/24,-0.019377019489184,287.8601548936632,0.0038943290710449,273.10791015625006,0.0,0.3655502576536188,0.0232791900634765,-18.885059242416133
2017/5/30,-0.0206326709594577,289.7869279649522,0.0037871599197387,273.132815890842,0.0,0.3265998860458947,0.0010228157043457,-24.318268777338822
2017/6/5,-0.0207484723068773,291.20196024576825,0.0036321878433227,273.090092976888,0.0,0.3149154113295177,0.0284905433654785,-11.053010388927651
2017/6/11,-0.0225164105650037,289.3711802164714,0.0035098791122436,273.1113705105252,0.0,0.3739706347955183,0.0285425186157226,1.1405671845918164
2017/6/17,-0.02162750903517,292.73770819769965,0.0033557415008544,273.11580064561633,0.0,0.3437516412749473,0.0205678939819335,6.642442075909891
2017/6/23,-0.0234177252277731,293.16478474934894,0.0031952857971191,273.0701955159505,0.0,0.3158565748793383,0.0034980773925781,2.365746808988238
2017/6/29,-0.0203029823023825,292.6815422905816,0.0031030178070068,273.03856404622394,0.0,0.3759940663197388,0.1037731170654296,6.757551913668422
2017/7/5,-0.0224904136266559,290.6290724012587,0.0029089450836181,273.1220347086589,0.0,0.3739629919485499,0.0116877555847167,7.493569267971207
2017/7/11,-0.0255281846038997,294.20527988009985,0.0027785301208496,273.0057491726345,0.0,0.34758799466201,0.036752700805664,1.1068536831235851
2017/7/17,-0.023099917685613,291.91168891059027,0.0026407241821289,273.0845133463542,0.0,0.3690783777274191,0.0186371803283691,1.671669428810418
2017/7/23,-0.0241775608155876,293.2721540662978,0.002497911453247,273.0694325764974,0.0,0.3207124680953307,0.0078744888305664,0.4997508096666188
2017/7/29,-0.021682565100491,291.2042015923394,0.0023939609527587,273.0811326768663,0.0,0.36857656076447,0.0367846488952636,-2.3665303277179035
2017/8/4,-0.0249945390969514,295.54447767469617,0.0022628307342529,272.96257358127167,0.0,0.3107921630144118,0.0009503364562988,-0.2445148822484597
2017/8/10,-0.0216579132247716,293.94489034016925,0.0021367073059082,273.074459499783,0.0,0.342524049932965,0.0855135917663574,-0.6079589446450768
2017/8/16,-0.021369774127379,291.3707224527995,0.0020564794540405,273.1152750651042,0.0,0.3830423906652464,0.0329504013061523,5.720583094916147
2017/8/22,-0.0199085853528231,291.6785464816623,0.0019807815551757,273.0421362982856,0.0,0.3525630452721897,0.0182538032531738,6.777973914425605
2017/8/28,-0.0186470632907003,292.5032145182292,0.0018832683563232,273.02349683973523,0.0,0.3196916640994863,0.0089468955993652,12.10333776487262
2017/9/3,-0.0178758285474032,290.9938659667968,0.0018203258514404,273.06457349989154,0.0,0.3631925309180386,0.0637240409851074,16.709382237505324
2017/9/9,-0.0140007524751126,289.4203186035156,0.0017635226249694,273.14718458387586,0.0,0.3850640634385248,0.0326590538024902,17.13048026494683
2017/9/15,-0.0091914411168545,287.307366265191,0.0046720504760742,273.0774390962389,0.0,0.4094308623267959,0.1076927185058593,13.361313574784646
2017/9/21,-0.0127505008131265,285.03712802463104,0.0028134584426879,273.1028696695963,0.0,0.3962283670488331,0.0230545997619628,5.230536375664464
2017/9/27,-0.0111096547916531,285.5412885877821,0.0033094882965087,273.14372083875867,0.0,0.3822339387455334,0.0183477401733398,2.878472191785548
2017/10/3,-0.0081930875312536,285.9351620144314,0.0035821199417114,273.1434071858724,0.0,0.3630886655559557,0.005929946899414,-2.1552770476783785
2017/10/9,-0.0097390750888735,284.3598192003038,0.0037484765052795,273.11182159847687,0.0,0.355037595378235,0.0042195320129394,-6.986605260844659
2017/10/15,-0.0082814383786171,284.77238972981775,0.003783643245697,273.0186530219184,0.0,0.3305457601996345,0.000185489654541,-12.352675798626557
2017/10/21,-0.0072116879746317,283.21848551432294,0.0037486553192138,272.9199574788411,0.0,0.3159302114250345,2.86102294921875e-05,-15.020518046766032
2017/10/27,-0.0065488123800605,281.7632361518012,0.0036909580230712,273.087159898546,0.0,0.3326446642167865,0.0066800117492675,-17.773196610559367
2017/11/2,-0.0050330080557614,279.93292236328125,0.0036249756813049,273.0790502760145,0.0,0.3059173837456101,9.632110595703124e-05,-17.726133308172415
2017/11/8,-0.0045476793311536,280.26164584689667,0.0035593509674072,273.0911116070218,0.0013535883691575,0.3705106873369206,0.0951833724975586,-21.34762090171452
2017/11/14,-0.0042096665129065,277.9417690700955,0.0039137005805969,271.7373791800605,0.0025434295336405,0.3988202671429867,0.0177373886108398,-10.997339289242127
2017/11/20,-0.0031784940510988,276.31792534722223,0.0044962167739868,270.2162628173828,0.0018274452951219,0.3827415430763115,0.0,-1.9268846218149207
2017/11/26,-0.0022881645709276,276.7658199734158,0.0049930214881896,273.0277985466851,8.33802753024631e-06,0.3705840261083923,0.0121650695800781,-6.218904974876331
2017/12/2,-0.0025749844498932,274.4701928032769,0.0052473545074462,270.04353480868866,0.0018115838368733,0.3675568582386606,0.0041871070861816,-1.424112504192628
2017/12/8,-0.0017604262102395,273.5306362575955,0.0053046643733978,271.5967321395874,0.0001204212506612,0.3540954581306626,0.0028467178344726,4.755220989577467
2017/12/14,-0.001824686769396,274.5160369873047,0.0061485171318054,269.7278105417887,0.0021574099858601,0.390418354421854,0.0764832496643066,10.783132809794507
2017/12/20,-0.0021617384627461,274.2232886420356,0.0064259767532348,269.92115900251605,0.0004880428314208,0.3775219019347181,0.0021719932556152,5.472509601819517
2017/12/26,-0.0012504963669925,273.8849504258898,0.0071884393692016,272.21202617221405,4.9683782789442274e-05,0.3588865073397755,0.0028533935546875,0.1748140954700119
2018/1/1,-0.0014266171492636,275.0329454210069,0.007421851158142,270.18456798129614,0.0085897843043009,0.3917053634456048,0.0483889579772949,-0.7741704574540691
2018/1/7,-0.0019624102860689,275.74307420518664,0.0078152418136596,270.6539361741808,0.0049509935908847,0.3772264581380618,0.0036478042602539,-6.164566860297235
2018/1/13,-0.0019475778099149,277.0235120985243,0.008198857307434,270.6554947959052,0.0043505165312025,0.3998766276830186,0.0382161140441894,1.660302090422782
2018/1/19,-0.0026621089782565,275.179935031467,0.0086150169372558,269.9334355460273,0.0028384062978956,0.3740622181083179,0.0027580261230468,5.017198815965074
2018/1/25,-0.0026986938901245,275.2902492947049,0.008569598197937,270.0142446094089,0.0014064113299051,0.3585991717700381,0.003974437713623,2.851317098304335
2018/1/31,-0.0017892299219965,275.6672634548611,0.0083861351013183,270.20929506089954,0.0060824155807495,0.373538156841985,0.0007023811340332,6.422999241211628
2018/2/6,-0.0018951050005853,274.8367173936632,0.008169949054718,270.33627181582983,0.0127952761120266,0.3919003289451615,0.0246987342834472,15.182848138905284
2018/2/12,-0.0020504076965153,275.0903778076172,0.0080156028270721,269.92876466115314,0.0174391865730285,0.3930953070003953,0.0178194046020507,13.12322078883804
2018/2/18,-0.0021138268057256,273.81499565972223,0.0079520940780639,268.1964996125963,0.0335608720779418,0.3895454883782399,0.0032258033752441,5.414951536041968
2018/2/24,-0.0022922246716916,273.94418334960943,0.0078180432319641,271.3806842168172,0.0469169086880154,0.3925909789589544,0.0147633552551269,-1.5772253570593762
2018/3/2,-0.0027178816962987,273.2160864935981,0.0076504647731781,265.58855660756427,0.0564180811246236,0.3784269051781545,0.013824462890625,5.4241962841156095
2018/3/8,-0.0013152554165571,273.2695448133681,0.0075986385345458,272.33554638756647,0.0662433571285671,0.4022531540184799,0.0163760185241699,3.411433790810662
2018/3/14,-0.0043073941487818,277.1393178304036,0.0097615718841552,272.75622219509546,0.0417195161183675,0.4096355492818272,0.0395193099975585,-5.016617815277684
2018/3/20,-0.0051193214021623,276.9815792507595,0.0130441188812255,272.88909573025177,0.0195345282554626,0.4110946600428886,0.0529780387878418,-7.577638827329707
2018/3/26,-0.0081712366081774,276.6807623969184,0.014894962310791,270.94735442267523,0.0030959977043999,0.3702066424044056,0.0016603469848632,-1.0768710368040502
2018/4/1,-0.0095366237219423,280.45329623752167,0.0142566561698913,273.14842902289496,3.123283386230469e-05,0.384139594880657,0.0399303436279296,-0.7630047552125063
2018/4/7,-0.0099060747306793,281.3571183946397,0.0136552453041076,273.141608344184,0.0,0.3925754359095461,0.0198464393615722,-3.476828438318023
2018/4/13,-0.0102899731136858,282.36010233561194,0.0128120779991149,273.10302564832904,0.0005922516187032,0.4005055446436422,0.0641655921936035,1.4084112118743235
2018/4/19,-0.0159277371130883,285.1451992458767,0.0125167369842529,273.0287560356988,1.01062986585829e-05,0.3910482052920592,0.0188241004943847,0.092233096691757
2018/4/25,-0.0172198710497468,287.9421505398221,0.0119481086730957,273.1554768880208,0.0,0.3314327369961473,0.0050601959228515,0.5069967026345523
2018/5/1,-0.0162849554326385,287.3608873155381,0.0109421014785766,273.1556701660156,0.0,0.3470397649539842,0.0382928848266601,-2.6293743035892305
2018/5/7,-0.0154869221150875,287.51453993055554,0.0099333524703979,273.14532809787323,0.0,0.4045583633964675,0.0535240173339843,-0.384016993980623
2018/5/13,-0.018477643141523,288.0369093153212,0.0094181299209594,273.1524132622613,0.0,0.3969269956772526,0.0480923652648925,-2.052844273244005
2018/5/19,-0.0148923790547996,285.4663441975911,0.0104837119579315,273.14453972710504,0.0,0.4123264694224215,0.0580711364746093,-4.803098013585327
2018/5/25,-0.0189759796485304,288.0960116916233,0.0121502876281738,273.1474049886068,0.0,0.3924532367382198,0.0437173843383789,-4.765970053325134
2018/5/31,-0.0214861424174159,291.0522749159072,0.0121990442276,273.1555989583333,0.0,0.3940649594749428,0.0289955139160156,-4.419216641698228
2018/6/6,-0.0224937344901263,291.17571682400177,0.0111662149429321,273.15714348687067,0.0,0.3828930899293887,0.0280976295471191,-4.709784649445282
2018/6/12,-0.0208929707296192,291.52056884765625,0.0099592208862304,273.1301981608073,0.0,0.3873029426209136,0.0502057075500488,1.9329154996933369
2018/6/18,-0.0220686411485075,290.9634501139323,0.0090057849884033,273.12778049045136,0.0,0.3702302570196075,0.006134033203125,4.898111198703845
2018/6/24,-0.0218690584879368,291.66095479329425,0.0080853104591369,273.15660603841144,0.0,0.3589318705101808,0.0432338714599609,3.404704125956925
2018/6/30,-0.0233866807539016,290.6793212890625,0.0072865486145019,273.1302659776476,0.0,0.3577734496858384,0.0148506164550781,1.9366437551950924
2018/7/6,-0.0201109268236905,292.687511867947,0.0065622329711914,273.12821112738715,0.0,0.348266941210669,0.0218482017517089,8.181955628154668
2018/7/12,-0.0197932755108922,291.9102935791016,0.005921721458435,273.1194017198351,0.0,0.3559883393657704,0.0335841178894043,3.977193974787241
2018/7/18,-0.0229786017443984,292.65450371636285,0.0053811073303222,273.1127590603299,0.0,0.3716573120974418,0.0252327919006347,1.397549983412489
2018/7/24,-0.0239522526971995,293.0656077067057,0.0049104690551757,273.0509847005208,0.0,0.3707752402923587,0.0461840629577636,-5.785301710691641
2018/7/30,-0.0224464228376746,293.9002719455295,0.0045669078826904,273.0471971299913,0.0,0.3663218262243188,0.0247974395751953,-9.1305118520755
2018/8/5,-0.0221229193266481,295.3891143798828,0.0042707920074462,272.9720170762804,0.0,0.3390190848408059,0.0140748023986816,-6.055105305336468
2018/8/11,-0.0220337752252817,294.465577867296,0.0040048360824584,272.94085354275177,0.0,0.3292824576039695,0.0145511627197265,-3.734601448754205
2018/8/17,-0.018887233454734,292.47077602810333,0.0037685632705688,273.0198737250434,0.0,0.344525028201234,0.0172333717346191,3.4027137138839407
2018/8/23,-0.0209262550342828,293.5500996907552,0.0035279989242553,273.01812235514325,0.0,0.3054586447413183,0.0073194503784179,4.074788574243229
2018/8/29,-0.0197674462106078,290.563239203559,0.0033105611801147,273.06986151801215,0.0,0.3736150576700714,0.0709538459777832,2.4733091710840256
2018/9/4,-0.0148131065070629,289.3926137288411,0.0031585693359375,273.110599093967,0.0,0.3929858468214257,0.0478267669677734,3.1089421215809523
2018/9/10,-0.0151239100378006,290.4413553873698,0.00306236743927,273.12745666503906,0.0,0.3704361713801821,0.0156683921813964,1.9252953562547648
2018/9/16,-0.0150995021685957,291.76051669650604,0.0029590129852294,273.1202612982856,0.0,0.3452700536387662,0.0157194137573242,0.7485551811472249
2018/9/22,-0.0135973745491355,290.901134914822,0.0028491616249084,273.13610670301654,0.0,0.3623437216867589,0.0222516059875488,-0.4634233217893211
2018/9/28,-0.0126492115668952,286.9446987575955,0.002742052078247,273.057367960612,0.0,0.3336570615518011,0.0020928382873535,-1.8897620291305088
2018/10/4,-0.0103394906036555,284.64347669813367,0.0026365220546722,272.9882405598958,0.0,0.3302708966398819,0.0115680694580078,-3.800636192542356
2018/10/10,-0.0092206618282943,286.2144724527995,0.0025313794612884,273.1393737792969,0.0,0.3356511318642232,0.0084061622619628,-4.123194512707016
2018/10/16,-0.0075957861263304,285.51461961534284,0.002443790435791,273.10018073187933,0.0,0.340980893595972,0.0065555572509765,-6.026029295952526
2018/10/22,-0.0067258719354867,285.0293087429471,0.0023685097694396,273.06503126356336,0.0,0.3249285807574375,0.0020656585693359,-6.324352417786798
2018/10/28,-0.0043269610032439,284.2928568522136,0.0023302435874938,273.0953945583767,0.0,0.3440649232620166,0.0878257751464843,-1.2118692893498633
2018/11/3,-0.0042038434185087,283.31376817491315,0.0065118670463562,273.13132900661896,0.0,0.416352208238095,0.1320266723632812,4.443634130193715
2018/11/9,-0.0045546158216893,284.6678687201606,0.0053519606590271,273.1440124511718,0.0,0.4089738531296865,0.0489163398742675,1.571440799259932
2018/11/15,-0.0033674978185445,282.5310923258464,0.0071971416473388,273.12631395128034,0.0,0.3689795638589809,0.0008645057678222,0.5425392095615393
2018/11/21,-0.0032166573219001,276.24893866644965,0.007769763469696,271.3134607738919,0.0015601184633043,0.3516847460478958,0.0094027519226074,0.7117129149737877
2018/11/27,-0.002876695478335,278.42466905381946,0.0077863335609436,272.7808980941773,0.0005552106433444,0.3917736335295356,0.0288176536560058,-2.6420241618596094
2018/12/3,-0.0025565451942384,275.08544752332904,0.0078846812248229,271.8233399920993,1.6629695892333984e-05,0.3724814906405906,0.0032525062561035,4.8593763187551104
2018/12/9,-0.0024622469209134,276.6906907823351,0.0078855752944946,272.6643591986762,1.4013714260525172e-05,0.3696086142574333,0.0041799545288085,10.645724177163643
2018/12/15,-0.0022847668733447,274.0045962863498,0.0076842904090881,268.12971750895184,0.0005710323651631,0.3553295162402921,9.584426879882812e-05,11.379469480121116
2018/12/27,-0.0032918504439294,273.8776499430338,0.0145352482795715,270.53403123219806,0.000660412841373,0.3454734180769365,0.0042543411254882,12.825655035555243
2019/1/2,-0.0020340895280241,274.0293443467881,0.0067791938781738,272.3521090613471,9.728802575005426e-06,0.3374010276359816,9.059906005859377e-06,10.694379484272403
2019/1/8,-0.002029929542914,273.64600626627606,0.0064483284950256,271.0887604819404,0.0001289314693874,0.3273442721822195,8.249282836914062e-05,2.137874624779741
2019/1/14,-0.0024644928053021,274.19503953721784,0.0061285495758056,269.0333748923408,0.001127627160814,0.3210312118753791,0.0001454353332519,2.2912761399458645
2019/1/20,-0.0024054062087088,275.17333984375,0.0058096349239349,269.46899202134875,0.0014569097095065,0.3245047486852854,0.0030665397644042,-2.409070100463396
2019/1/26,-0.0027033686637878,273.83964708116315,0.0054948925971984,266.8056165907118,0.001261916425493,0.316217905945248,0.001530647277832,-2.8075284764476294
2019/2/1,-0.0022123164962977,274.6126556396484,0.0051968693733215,269.1445688671536,0.0021980206171671,0.31895625925002,0.0453863143920898,-6.898936346887169
2019/2/7,-0.0034165636170655,275.63135613335504,0.0049490928649902,272.7327422036065,0.0004545383983188,0.3937088598807652,0.0416970252990722,-7.071825030923321
2019/2/13,-0.0042189443483948,276.0188683403863,0.0047862529754638,272.47393968370227,7.047255833943684e-05,0.3661648350146909,0.0066184997558593,-3.519671970158697
2019/2/19,-0.0053109098225831,276.9383375379774,0.004611849784851,273.1412400139703,0.0,0.3375317383195377,0.0,-6.600010031469282
2019/2/25,-0.0052514327690005,276.9195793999566,0.00440114736557,272.1100614335802,0.0001990596453348,0.3179801041519062,0.0008563995361328,-3.6087780793664734
2019/3/3,-0.0063072878401726,278.850353664822,0.004172921180725,272.425518459744,0.0001973774698045,0.2896436124315691,0.0004682540893554,-7.263334302396728
2019/3/9,-0.005570005858317,279.1528625488281,0.0039229393005371,272.8934851752387,0.0001378324296739,0.3137959026110669,0.0104575157165527,-4.00507319792041
2019/3/15,-0.0074865526985377,278.1841125488281,0.0037347078323364,271.91867457495795,0.0001362562179565,0.3041608947484444,0.0008788108825683,-6.104979129084228
2019/3/21,-0.0079902822617441,278.74593268500433,0.0035508871078491,271.7785840564304,0.0009354419178432,0.3223959800735529,0.0111432075500488,-4.479986909901299
2019/3/27,-0.011034581111744,280.7733256022136,0.0033509731292724,272.9210086398654,0.0,0.3038835472220348,0.0031371116638183,-5.299078339863087
2019/4/2,-0.0103921464178711,280.93738640679254,0.0031544566154479,273.135737101237,0.0,0.28481411600175,0.0029315948486328,-2.9037315155788974
2019/4/8,-0.0084775565192103,281.14699130588104,0.0032402276992797,273.103151957194,0.0005640652444627,0.4007442268646425,0.1367831230163574,-0.853492761768301
2019/4/14,-0.0109680469613522,281.5483822292752,0.0032362937927246,273.13422817654083,0.0,0.4160010193526331,0.0596251487731933,0.247561704240482
2019/4/20,-0.0146607907954603,282.4934794108073,0.0039325356483459,273.1261461046007,8.75393549601237e-05,0.368521619717487,0.0022969245910644,-1.258055875701153
2019/4/26,-0.0119433959480375,284.20227389865454,0.0045478343963623,273.15213690863715,3.174940745035807e-05,0.3912267777292679,0.0902857780456543,1.1850072411603136
2019/5/2,-0.0167777170427143,282.95511542426215,0.0057206153869628,272.9493136935764,0.0004429088698493,0.3968590846957846,0.0247879028320312,2.494200617855391
2019/5/8,-0.0134031435009092,282.08204481336804,0.0072044730186462,272.7980335023668,0.0014695326487223,0.4000815221677637,0.0572681427001953,3.4678968958922525
2019/5/14,-0.0148055963218212,283.56725226508246,0.0087137222290039,273.1418033175998,0.0,0.4032059721648693,0.0585789680480957,6.605503079994918
2019/5/20,-0.0119805058930069,282.82694159613715,0.0104190111160278,273.09145100911456,3.1563970777723524e-05,0.3989888783285601,0.0502738952636718,6.826655324190391
2019/5/26,-0.0185350326355546,287.2800021701389,0.0113131999969482,273.1592661539714,0.0,0.4050299098404745,0.0470438003540039,3.987038822741837
2019/6/1,-0.0158480170648545,286.58525424533417,0.0139030218124389,273.15617201063367,0.0,0.4046378505364474,0.0510058403015136,1.9752696040557964
2019/6/7,-0.0216448435094207,290.76494683159723,0.0153825283050537,273.15923394097223,0.0,0.3616528095832715,0.023510456085205,0.3732806656509737
2019/6/13,-0.0246922413352876,291.6234419080946,0.0138977766036987,273.14809841579864,0.0,0.3673988845871969,0.0414514541625976,5.289255762281876
2019/6/19,-0.0257699389476329,292.486568874783,0.0122932195663452,273.1426255967882,0.0,0.3517660161014646,0.005138874053955,3.455838803095162
2019/6/25,-0.0231992988847196,292.60474480523004,0.0107722282409667,273.11748758951825,0.0,0.3605393148803462,0.0357632637023925,-1.5348315209246763
2019/7/1,-0.0266397830564528,296.052729288737,0.0094513893127441,273.1139187282986,0.0,0.306149011840009,0.0020108222961425,-0.8466061386112287
2019/7/7,-0.0247554883826524,294.3489345974392,0.0082298517227172,272.977062649197,0.0,0.3076705843365441,0.0186491012573242,-1.998780524482356
2019/7/13,-0.0210098910611122,292.1198086208768,0.0072152614593505,273.157965766059,0.0,0.3484863229354637,0.0362753868103027,-1.012837324147437
2019/7/19,-0.0212162698153406,291.1825002034505,0.0063326358795166,273.13018459743927,0.0,0.352878351100824,0.0185656547546386,2.9077940808142024
2019/7/25,-0.022144533926621,295.11637030707465,0.0055423974990844,273.0544620090061,0.0,0.2905857703234586,0.0029129981994628,-0.5452383499905551
2019/7/31,-0.0196853708475828,294.12577480740015,0.004867672920227,273.0165015326606,0.0,0.3449744106166892,0.0357861518859863,3.518331272417594
2019/8/6,-0.0203463726211339,293.0427602132161,0.0043598413467407,273.09578111436633,0.0,0.357523479214352,0.0345048904418945,3.412113585745143
2019/8/12,-0.0202298781368881,294.55521308051215,0.0039128065109252,273.04997422960065,0.0,0.3412371419059734,0.0181679725646972,1.6294554030179569
2019/8/18,-0.0200190178584307,292.1532151963976,0.0035247802734375,273.0818905300564,0.0,0.3384977613006614,0.0171751976013183,0.551083399366302
2019/8/24,-0.0186627730727195,293.27281358506946,0.0031819939613342,273.105219523112,0.0,0.3568486363057875,0.0460147857666015,-2.825407570775681
2019/8/30,-0.0185785994399338,293.24855550130206,0.0029289126396179,273.1082170274522,0.0,0.3553267669760518,0.0084071159362792,-4.806153559900213
2019/9/5,-0.0175691959448158,291.6431376139323,0.002748966217041,273.0774824354384,0.0,0.348389809175084,0.0112996101379394,-3.798874647440108
2019/9/11,-0.0133320745080709,287.5748528374566,0.0026359558105468,273.11204020182294,0.0,0.3937483992841508,0.0672721862792968,-3.0073942740010366
2019/9/17,-0.0150111773982644,290.887200249566,0.002558946609497,273.1514027913411,0.0,0.3377966728164918,0.0027427673339843,-2.538342252215809
2019/9/29,-0.0205859621055424,287.34657202826605,0.005061388015747,273.1142357720269,0.0,0.3744368811862336,0.0564393997192382,-1.50211519255625
2019/10/5,-0.0101320308167487,286.77121141221784,0.0025785565376281,273.1105659272936,0.0,0.3601500570981039,0.0142884254455566,-5.804992934043501
2019/10/11,-0.007808364694938,285.20242140028216,0.0025676488876342,273.13261752658417,0.0,0.3878573721999095,0.0280113220214843,-4.551654390020374
2019/10/17,-0.0074522427748888,285.4007873535156,0.002579927444458,273.04182603624133,0.0,0.3767745108602361,0.0313072204589843,-0.2493864363181543
2019/10/23,-0.0062876739539206,286.5807969835069,0.0026750564575195,273.1402418348525,0.0,0.3807246963907447,0.0056796073913574,6.333941062530791
2019/10/29,-0.0052748932503163,285.05771891276044,0.0027507543563842,273.1080152723524,0.0,0.3753726535683704,0.0117654800415039,3.457635845023809
2019/11/4,-0.0039527264889329,282.31761338975696,0.0033168792724609,273.10795423719617,0.0,0.3884384813201096,0.0488653182983398,6.316100911685815
2019/11/10,-0.0043159709312021,280.39503309461804,0.0047439932823181,272.9212386873033,0.0002262989679972,0.412336896898018,0.0655436515808105,4.988832003665337
2019/11/16,-0.0035393859725445,278.672349717882,0.0109636783599853,272.2109672758314,0.0034446583853827,0.4163857704131968,0.1574964523315429,3.70451852212274
2019/11/22,-0.00292350188829,279.3684590657552,0.0399498641490936,273.0008527967665,0.0043965180714925,0.4134448310101611,0.1256852149963379,2.6442495089550206
2019/11/28,-0.003141417633742,280.6146291097005,0.0454043447971344,273.1260325113932,9.669197930230034e-07,0.4100830038595531,0.0734572410583496,1.7544017641106109
2019/12/4,-0.002729611005634,277.31625874837243,0.0393307507038116,272.0089445114136,4.729297426011827e-05,0.3892495022155344,0.0133891105651855,0.8638596000520238
2019/12/10,-0.0019971041474491,275.0834164089627,0.0298064351081848,273.12313175201416,0.0,0.3704718478386187,0.0001683235168457,-0.3914273600237905
2019/12/16,-0.0010751998052001,275.1566874186197,0.0231785178184509,270.15691947937006,0.0055325428644816,0.3639890409540385,0.0093722343444824,-0.103413794831134
2019/12/22,-0.0007520779035985,278.6843770345052,0.0187234282493591,272.70992363823785,0.0032162600093417,0.4027399708413415,0.0819473266601562,-2.991185169349833
2019/12/28,-0.002073302399367,275.65917121039496,0.0167415142059326,271.9637101491292,0.0002420544624328,0.384412858247136,0.0005550384521484,-4.065077885373547
2020/1/3,-0.0017815532628446,274.47019449869794,0.0155683755874633,272.2693395614624,0.0,0.3642751060995377,0.0003871917724609,-4.954874842659464
2020/1/9,-0.0019605834968388,274.316891140408,0.0142726302146911,272.84248108334015,0.0,0.3524352250258542,0.0,-8.434238326061582
2020/1/15,-0.0015140315517783,273.6759982638889,0.0129282772541046,272.4531730016073,0.0,0.3427074938857307,1.9073486328125e-06,-5.275102878195945
2020/1/21,-0.0025938784237951,274.7561730278863,0.0116503536701202,272.51205751630994,0.000354872809516,0.3546815543797694,0.0104312896728515,-4.291580282406933
2020/1/27,-0.002790606347844,275.51793585883246,0.0104703307151794,273.12415430280896,0.0,0.3417097644932154,0.0006303787231445,-3.065113514634674
2020/2/8,-0.0065956194885075,275.6560253567166,0.018036276102066,270.5750587781271,0.0028597546948326,0.3514603500435542,0.0025668144226074,-5.140524014072454
2020/2/14,-0.0041323699988424,276.74793328179254,0.0077573060989379,272.3394137488471,0.0006083713637457,0.3281168509016021,0.0016655921936035,-6.768339402407307
2020/2/20,-0.0043569824192672,277.542253282335,0.0070152878761291,273.14570967356366,0.0,0.3171956557521803,0.003087043762207,-5.10572401801862
2020/2/26,-0.0049963928759098,278.3985358344184,0.0063138604164123,273.0520618226793,0.0,0.2985206209640536,0.0013165473937988,4.091032795200491
2020/3/3,-0.0045258833561092,277.0721791585286,0.0056943893432617,271.9686738120185,0.0015392767058478,0.3319985759703235,0.0594925880432128,0.9337279362904738
2020/3/9,-0.0067580274771898,277.6162448459201,0.005213975906372,272.5079770618015,0.0017249915334913,0.3815086592092283,0.0244460105895996,6.949366630260279
2020/3/15,-0.0067385439760982,280.0064731174045,0.0048586130142211,273.0845082600911,0.0,0.360162138292152,0.0113825798034667,1.6468051422027088
2020/3/21,-0.0092966698575764,280.32615322536896,0.0045313835144042,273.13358222113715,1.5166070726182725e-06,0.335269159792612,0.0031871795654296,4.459113260357434
2020/3/27,-0.0076524335891008,277.4595726860894,0.0042084455490112,271.0045691596137,0.0013343890508015,0.3391132263156275,0.0078101158142089,5.095382662508776
2020/4/2,-0.0084167716559022,278.5572747124566,0.0039218664169311,272.3235263824463,0.0002330541610717,0.3535813992687812,0.0220308303833007,7.248729293846189
2020/4/8,-0.0123098217882215,280.6034105088976,0.0036401748657226,273.12970140245227,0.0,0.3058166980691668,5.3882598876953125e-05,5.17917504229014
2020/4/14,-0.0135243418626487,283.98300679524743,0.0033292770385742,273.08502875434027,0.0,0.2446060266811401,0.0033369064331054,7.233334535263197
2020/4/20,-0.0112540242262184,283.9222547743056,0.0030514597892761,273.1041788525052,0.0,0.2398853378059963,0.0087871551513671,7.900064126220869
2020/4/26,-0.0131056704558432,284.6028832329644,0.0028053522109985,273.09433152940534,0.0,0.2616584572113222,0.0069084167480468,3.306181702474859
2020/5/2,-0.0134831892792135,284.9925944010417,0.0025893449783325,273.14336819118927,0.0,0.3376881879392183,0.0428581237792968,5.018085530954167
2020/5/8,-0.0148568716831505,285.34543185763886,0.0024192333221435,273.1229644351535,0.0,0.3186761422807144,0.0034341812133789,4.910869360496648
2020/5/14,-0.0150221337098628,286.80761718749994,0.0022476911544799,273.13107299804693,0.0,0.3437116446697877,0.0499072074890136,2.387601895359907
2020/5/20,-0.0178350368514657,288.6220092773437,0.0021067857742309,273.15764194064667,0.0,0.4037711012901532,0.0650272369384765,1.3840771068821596
2020/5/26,-0.0203722813166677,289.30183410644537,0.0019944310188293,273.14833407931854,0.0,0.3669475002938674,0.0089006423950195,-4.130881789542769
2020/6/1,-0.0184693422634154,286.7407073974609,0.0018749237060546,273.1085255940755,0.0,0.3321476475232177,0.0103039741516113,-6.6538944549956085
2020/6/7,-0.0166482185013592,288.3208821614583,0.0017702579498291,273.1278686523437,0.0,0.3690855640969756,0.0808849334716796,-6.381911148909666
2020/6/13,-0.0198759066406637,287.8852352566189,0.0019984245300292,273.1439141167534,0.0,0.4126113626278109,0.0847964286804199,-7.493198846350012
2020/6/19,-0.0192835906054824,289.56280008951825,0.0018548965454101,273.13705613878034,0.0,0.4075963745514552,0.0561022758483886,-6.266485925817534
2020/6/25,-0.0231525271665304,291.1202680799696,0.0020146369934082,273.1331549750434,0.0,0.349925772280484,0.0091280937194824,-4.8590543000606345
2020/7/1,-0.0211794995702803,292.86128065321185,0.0020041465759277,273.1361592610677,0.0,0.3300537234738133,0.0075712203979492,-3.776207051092655
2020/7/7,-0.0246702891308814,292.7491760253906,0.0019569396972656,273.0900438096788,0.0,0.3467302847291446,0.0239410400390625,-2.724077083676022
2020/7/13,-0.0225754689890891,291.7051849365234,0.0018796920776367,273.11140272352435,0.0,0.3179317057753603,0.0261564254760742,-0.9933492116381046
2020/7/19,-0.0213975415099412,290.75610690646704,0.0017955303192138,273.12395053439667,0.0,0.3487728719030403,0.0305829048156738,1.269633933354427
2020/7/25,-0.0218111181166023,292.3419443766276,0.0017299652099609,273.00523376464844,0.0,0.3538320516236126,0.026590347290039,-0.5365506727920035
2020/7/31,-0.0224302448332309,294.28458319769965,0.0016427040100097,273.0688934326172,0.0,0.3276315437785039,0.0056328773498535,-2.081473834792547
2020/8/6,-0.0211052217055112,292.6717749701606,0.0015833377838134,273.00854153103296,0.0,0.3698120668737425,0.0478296279907226,-2.5753965476008744
2020/8/12,-0.0218582123052328,294.1206258138021,0.0015227794647216,273.0670284695096,0.0,0.3375499094060312,0.0070934295654296,-6.140613532837719
2020/8/18,-0.0194283742457628,293.0276794433594,0.0014650821685791,273.0960761176215,0.0,0.3659752206876874,0.0307183265686035,-7.835622114470581
2020/8/24,-0.0197998855728656,293.291010538737,0.0014209747314453,273.06133524576825,0.0,0.3399042967551698,0.0168647766113281,0.4553451710204825
2020/8/30,-0.0145870412234216,291.57225036621094,0.0031846761703491,273.0778774685329,0.0,0.3632459773733798,0.1484670639038086,3.5425585907917423
2020/9/5,-0.0170696096029132,289.5060136583116,0.0015040636062622,273.07953389485675,0.0,0.3972434419362495,0.0255608558654785,5.417317711035835
2020/9/11,-0.0147742331027984,290.47322252061633,0.0017389059066772,273.11546834309894,0.0,0.3800370119926002,0.0171780586242675,2.2712199803900432
2020/9/17,-0.0162602125201374,291.3004201253255,0.0019518136978149,273.1157752143012,0.0,0.3341133800519553,0.0019330978393554,4.809424161326234
2020/9/23,-0.0114459795877337,289.58051723904083,0.0020275115966796,273.12322489420575,0.0,0.342521891515288,0.0333194732666015,8.394738132642303
2020/9/29,-0.0112378257326781,285.3534918891059,0.0034235715866088,273.1403148439195,0.0,0.4009849097993639,0.061434268951416,7.948281130538007
2020/10/5,-0.0074909154791384,285.59315490722656,0.0052235126495361,273.147454155816,0.0,0.4022962052582038,0.1054491996765136,1.6773444679402587
2020/10/11,-0.0088385583367198,283.91527303059894,0.0051364302635192,273.108161078559,0.0002981689241197,0.3866167896065033,0.0530562400817871,-2.002892058648669
2020/10/17,-0.0081654326058924,280.4322187635634,0.0081871747970581,272.52141825358075,0.0004978775978088,0.4041814097824196,0.0474176406860351,-1.156416900842956
2020/10/23,-0.0054809055291116,281.9866909450955,0.0121185779571533,273.0777889887492,0.0,0.3724320226141975,0.0036869049072265,-2.3574308326132893
2020/10/29,-0.0057417729403823,283.0577918158637,0.012826919555664,273.1122351752387,0.0,0.3920010626057369,0.047189712524414,0.2134837239054547
2020/11/4,-0.004338955739513,281.7476060655382,0.012898564338684,273.05602857801654,0.0,0.3664021537018319,0.0010638236999511,0.7953661992791154
2020/11/10,-0.004281548783183,281.2367282443576,0.0125230550765991,273.1214887830945,0.0,0.3491140889366054,0.0003533363342285,3.043169538221264
2020/11/16,-0.0030167577788233,279.54098849826386,0.0117613077163696,273.08988783094617,0.0,0.3419915047577685,0.0044355392456054,5.920618584382154
2020/11/22,-0.0040002164896577,277.1847686767578,0.0108434557914733,272.8367776870728,0.0,0.3483354394686305,0.0014939308166503,6.269854238207316
2020/11/28,-0.0025280725676566,274.7988399929471,0.0099220275878906,273.06176545884875,0.0,0.3336075393017381,0.0,7.038475243865477
2020/12/4,-0.0014967534225434,274.49710252549914,0.0090670585632324,271.42245197296137,0.0040400226910909,0.3424722324125469,0.0561122894287109,3.099018297910959
2020/12/10,0.0004777521826326,276.10894097222223,0.0126081705093383,272.8305653466119,0.0328822268380059,0.4206683366145524,0.1986570358276367,4.469990627058593
2020/12/16,-0.0010070789139717,275.539308336046,0.0193310678005218,269.6459425820245,0.0396437711185879,0.3809518499506844,0.0010390281677246,1.5680351980737155
2020/12/22,-0.0006483730394393,276.8010779486762,0.0185596346855163,271.9544832441542,0.0387107928593953,0.3756984044125097,0.0004472732543945,0.7696474872922039
2020/12/28,-0.0014034141786396,275.8589579264323,0.0166834592819213,269.7507326338026,0.0386956532796224,0.3820986941508534,0.04368257522583,-3.78320672690883
2021/1/3,-0.0005367186386138,274.90733337402344,0.0147850513458251,270.5441004435221,0.0530462000105116,0.3863729741424322,0.0620779991149902,-5.709442411866476
2021/1/9,-0.0008043444249778,275.26718987358936,0.0136511921882629,268.3044889238146,0.0793461534712049,0.3819888784136209,0.0112481117248535,-8.007879514602678
2021/1/15,-0.0011501114349812,273.7966766357422,0.0129804611206054,265.41976822747125,0.068726811144087,0.3682193467652218,0.0013213157653808,-5.137061604251343
2021/1/21,-0.0009161143098026,273.22514851888025,0.0121780037879943,267.3591150707669,0.074444121784634,0.3682843253740834,0.0081067085266113,-6.203720278231202
2021/1/27,-0.0013560445513576,274.18336995442706,0.0116413235664367,269.40202119615344,0.0771257413758172,0.4020173019574335,0.0570602416992187,-6.692518648020425
2021/2/2,-0.0006649862043559,273.3636152479384,0.0114837288856506,270.86401494344074,0.1285403437084622,0.3930031622811738,0.0113344192504882,-11.124017981282094
2021/2/8,0.0001166502479463,273.80313788519965,0.013576865196228,272.86114162868927,0.1610412134064568,0.4108682142622355,0.0282788276672363,-12.080866865888268
2021/2/14,-0.0028285717125982,273.854002210829,0.0241774320602417,270.3008681403266,0.1342288255691528,0.3991007724414683,0.0235381126403808,-12.728044435587025
2021/2/20,-0.0027507154736667,275.8534817165799,0.0246909260749816,271.1425138049656,0.1287230186992221,0.3776868021684803,0.000131607055664,-6.165762281153079
2021/3/4,-0.0107477218843996,277.91392093234595,0.0371071696281433,273.00208791097003,0.1240402989917331,0.3715268047397128,0.0002369880676269,-2.6710295004373137
2021/3/10,-0.0060509496834129,277.0843217637804,0.013827621936798,272.7037247551812,0.1290865010685391,0.3685000132665865,0.0128095149993896,3.7088421753981606
2021/3/16,-0.0067748234141618,277.49747890896265,0.0117950737476348,273.02695719401044,0.1214231053988138,0.3520228842842496,0.0022792816162109,4.77904690171961
2021/3/22,-0.0083126300014555,276.0882415771484,0.0101807117462158,270.89405759175617,0.1131740609804789,0.3407270388367275,0.0080108642578125,5.68985126579922
2021/3/28,-0.0072471098974347,278.2358534071181,0.0088827908039093,273.03155517578125,0.093683467970954,0.3261607883032411,0.0020456314086914,5.03716718425855
2021/4/3,-0.0092748315073549,281.6127607557509,0.0084022283554077,273.042975531684,0.0542803472942776,0.3108211348298937,0.0024986267089843,6.001075467286697
2021/4/9,-0.0088746114633977,277.63358391655817,0.0093941688537597,271.3967677222358,0.018973065747155,0.308715147147369,0.0043201446533203,6.0915447785183545
2021/4/15,-0.0090328264050185,278.63327365451386,0.0093026757240295,272.112158563402,0.0022580954763624,0.3748230500043266,0.0556473731994628,5.426750939507571
2021/4/21,-0.0125117225106805,279.5284830729167,0.0090842247009277,272.89285511440704,0.0,0.3539354490995821,0.0095243453979492,7.698177048818948
2021/4/27,-0.0122980042360723,282.82574293348523,0.0083889067173004,273.12532382541235,0.0,0.3324356885245328,0.0065112113952636,5.051872893833561
2021/5/3,-0.013197646010667,284.39473809136285,0.0076528191566467,273.1518486870659,0.0,0.3745061322115361,0.0560283660888671,4.265208590519151
2021/5/9,-0.0152688669040799,284.612296210395,0.0069581866264343,273.1580488416884,0.0,0.3592415464162413,0.0030984878540039,3.578521566977656
2021/5/15,-0.0146601174492388,285.1769527859158,0.0062191486358642,273.14199320475257,0.0,0.395053263158641,0.0895705223083496,3.895593274587398
2021/5/21,-0.0184252988547086,284.9011976453993,0.0056742429733276,273.12902323404944,0.0,0.3925662515426261,0.0285239219665527,3.276642770777187
2021/5/27,-0.0154447318054735,285.59916517469617,0.0052559375762939,273.1513050927056,0.0,0.3883697738767497,0.041201114654541,1.9300151992436128
2021/6/2,-0.0175136609468609,286.88433329264325,0.0049769878387451,273.14206271701386,0.0,0.3738589780922565,0.0076088905334472,1.86754348558668
2021/6/14,-0.0432461043819785,290.2114045884874,0.0090442895889282,273.1198060777452,0.0,0.3534551517028982,0.0449118614196777,1.0150905934825545
2021/6/20,-0.0216379249468445,293.0003662109376,0.0040361881256103,273.09865315755206,0.0,0.3074049311431332,0.0049266815185546,0.3315412329408076
2021/6/26,-0.0249387563671916,293.1822068956163,0.0037111043930053,273.10840861002606,0.0,0.257372087566182,0.0026535987854003,-2.994952870152773
2021/7/2,-0.0216304259374737,292.64970058865015,0.0033643245697021,273.0879770914714,0.0,0.2647646117127604,0.0263619422912597,-6.853698148210611
2021/7/8,-0.0205862764269113,292.41532050238715,0.0030576586723327,273.10085550944007,0.0,0.3428863346990611,0.0774674415588378,-4.552330721761933
2021/7/14,-0.0236310206819325,292.26593356662323,0.0027946233749389,273.1211937798394,0.0,0.3808901332215302,0.0548324584960937,-2.5168434948271283
2021/7/20,-0.0210003643296659,291.8294847276475,0.0026121139526367,273.1364627414279,0.0,0.3725675388187583,0.0083308219909667,-1.882770826659737
2021/7/26,-0.0198009498417377,293.09262254503045,0.0024507045745849,273.14082505967883,0.0,0.371078760156201,0.0483460426330566,-2.557922236906421
2021/8/1,-0.0207686489447951,292.3977915445964,0.0023547410964965,273.0801781548394,0.0,0.3914622916312915,0.0640854835510253,-0.3354555885127723
2021/8/7,-0.0193134886212646,291.04361809624567,0.0024095773696899,273.13614569769965,0.0,0.3970948512045045,0.0601344108581543,-3.635750363347952
2021/8/13,-0.0230428779032081,293.28295050727,0.0022029876708984,273.087653266059,0.0,0.3588049294064856,0.0040855407714843,-4.406682887913661
2021/8/31,-0.0541347002144902,291.0600388138382,0.0060967206954956,273.0887513337312,0.0,0.3228583058252871,0.0448369979858398,-1.6754567817221897
2021/9/6,-0.015904746716842,288.9776272243924,0.0018708705902099,273.07977464463977,0.0,0.319667741526953,0.0013270378112792,-3.328924264117788
2021/9/12,-0.0150966260116547,289.063225640191,0.00179123878479,273.0794915093316,0.0,0.2763240192240725,0.0004224777221679,1.2100212079692625
2021/9/18,-0.0113128265365958,290.10480414496527,0.0017001628875732,273.1099853515625,0.0,0.3060439478657726,0.0252346992492675,1.182536393703458
2021/9/24,-0.0115121807903051,287.905034383138,0.0016353130340576,273.09399244520404,0.0,0.3639293758298865,0.0120534896850585,0.7185332526072159
2021/9/30,-0.0108304740861058,288.6084170871311,0.0015839338302612,273.0975799560547,0.0,0.3402981551674505,0.0102958679199218,0.4694953800805024
2021/10/6,-0.008036216488108,286.77911885579425,0.0015444159507751,273.1342976888021,0.0,0.3676838684671868,0.0921502113342285,1.0405291393723817
2021/10/12,-0.0088803744874894,283.2548472086589,0.0015442371368408,273.0683997472127,0.0,0.3762612614470224,0.0036921501159667,2.123072313439806
2021/10/18,-0.0076029230840504,280.731920030382,0.0015679597854614,273.0231787363688,0.0,0.3508151384691397,0.0018305778503417,0.8036463085411043
2021/10/24,-0.0052965246140956,282.60770331488715,0.001598298549652,273.0201825035943,0.0,0.3309633266956855,0.0006971359252929,0.9948823038520516
2021/10/30,-0.0056947793345898,279.3339962429471,0.0016183853149414,273.0680907567342,0.0,0.3152594430527339,0.0001254081726074,-1.2944444015306829
2021/11/5,-0.0040837416891008,280.2597147623698,0.0019810199737548,273.12809170617,0.0,0.3838740679073251,0.0909304618835449,-1.8294435754684315
2021/11/11,-0.0044499705545604,279.1383565266927,0.0018538832664489,273.119587580363,0.0,0.384112829549445,0.0059003829956054,0.8039277581087987
2021/11/17,-0.0029418622143566,280.98965623643664,0.0022509694099426,273.14555189344617,0.0,0.400687725127985,0.0560359954833984,0.9047910439978182
2021/11/23,-0.0033474455121904,279.26285468207465,0.0028026103973388,273.06229898664685,0.0,0.3795306855916149,0.0010843276977539,2.841653686526186
2021/11/29,-0.0028753273654729,276.7422298855252,0.0032896995544433,271.72503428988983,0.0017610920800103,0.3874728453811258,0.0312161445617675,3.4902478358971223
2021/12/5,-0.002718741307035,275.8026411268446,0.0036140382289886,270.4123922983805,0.0007172028223673,0.3795142467133701,0.0061426162719726,2.612357657927646
2021/12/11,-0.0022361874580383,275.0081007215712,0.0038267970085144,269.9867710537381,0.0043928888108995,0.3696990676948593,0.0250067710876464,0.8897007400008761
2021/12/17,-0.0020552503410726,275.38194783528644,0.0039312839508056,272.12811883290607,0.0006260474522908,0.3552015484051986,0.0,-2.398661430974215
